Variation,average_completion_rate
Control,0.4945290543286241
Test,0.5671214141632728
