variation,gender,completion_rate
Test,Male,0.5983412322274881
Test,Female,0.5613617719442165
Control,Male,0.4972051929318428
Control,Female,0.4783108302212008
