Gender,Percentage Increase
U,16.50074534966621
M,21.149376467395793
F,27.414601371264524
